insert into exam value("H30AP","H30年度春");
insert into exam value("H29AU","H29年度秋");
insert into exam value("H29AP","H29年度春");
insert into exam value("H28AU","H28年度秋");
insert into exam value("H28AP","H28年度春");
insert into exam value("H27AU","H27年度秋");
insert into exam value("H27AP","H27年度春");
insert into exam value("H26AU","H26年度秋");
insert into exam value("H26AP","H26年度春");
insert into exam value("H25AU","H25年度秋");
insert into exam value("H25AP","H25年度春");
insert into exam value("H24AU","H24年度秋");
insert into exam value("H24AP","H24年度春");
insert into exam value("H23AU","H23年度秋");
insert into exam value("H23AP","H23年度春");
insert into exam value("H22AU","H22年度秋");
insert into exam value("H22AP","H22年度春");

insert into ampm value(0,"午前");
insert into ampm value(1,"午後");

insert into examansweram value("H30AP",0,"03202223312301023010230331103233000321010332121133321001310113203111200321201332","H30年度春");
insert into examansweram value("H29AU",0,"00212113301200000230122013210301331013023213221112233310031023330023011331013212","H29年度秋");
insert into examansweram value("H29AP",0,"33100123333112023010200113302201012110222223002311223202321012131102121213211232","H29年度春");
insert into examansweram value("H28AU",0,"23030112032023320201230321002331111000231030233323001301301023012233013233211300","H28年度秋");
insert into examansweram value("H28AP",0,"22320321021023221022032110010331220102112312212201311322001232123311130321200330","H28年度春");
insert into examansweram value("H27AU",0,"23313302010323203300322322311330011002121000132323102312001210330210032311311200","H27年度秋");
insert into examansweram value("H27AP",0,"20311030020230133123022332031331221012021011122322221312013030222221303121122130","H27年度春");
insert into examansweram value("H26AU",0,"30331033311213211232232331320002032123220123020133022133010232331323231122221132","H26年度秋");
insert into examansweram value("H26AP",0,"02322210331033011203320201231233230023030232310111233320103001120310333011123300","H26年度春");
insert into examansweram value("H25AU",0,"20222030121101230200203212033011320122131122212301230321021132011310110230201320","H25年度秋");
insert into examansweram value("H25AP",0,"12202011001130003202333211211012012101202033131011000010021102311321302133123201","H25年度春");
insert into examansweram value("H24AU",0,"21011111232320332233013130110322331112101102313130133022131021000223000323221112","H24年度秋");
insert into examansweram value("H24AP",0,"20313131210220201132012222210223332222112301202102222203110313332103113033111313","H24年度春");
insert into examansweram value("H23AU",0,"12221303031111322320020331132030330322130312331321300021131131210112230321021331","H23年度秋");
insert into examansweram value("H23AP",0,"03123100313323200200013302310302301312013322100321020323200120100132312211230103","H23年度春");
insert into examansweram value("H22AU",0,"10302210321000311331001233010230201011313112301100311333113033212110103331021012","H22年度秋");
insert into examansweram value("H22AP",0,"02202112112230231102232232311232130323020110321333100221110323110002130130222223","H22年度春");

insert into exampm value("H30AP","1a,b,2c,d,3","1a,2b,c,3d,e","1,2a,3b,4c","1a,b,c,2","1a,b,2c,d,e","1a,2,3b,c,d,e","1a,b,c,d,e,2,3f,g","1a,b,2c,d,e","1a,b,c,2d,e,f","1a,b,c,d,2e,f","1a,b,c,d,2,3,4","1a,2b,c,d,3e,f","1a,b,c,2d,e,f");
insert into exampm value("H29AU","1a,b,2,3,4","1,2a,b,3","1a,2,3b,4c","1a,2b,c,d","1a,2b,c,d,e,f","1,2a,b,3c,d,e,f","1a,b,c,2d,e,f","1a,b,c,2d,3e,4f","1a,b,c,2d,e,3f,g","1,2a,b,c,3d,e,f","1a,b,c,d,e,2,3","1a,b,2,3c,d,4","1a,2b,c,3d,e,f");
insert into exampm value("H29AP","1,2a,3b,c,d","1a,b,c,2d,e","1,2a,b,3c,d","1a,b,2c,3","1a,b,2c,d,3","1a,b,c,d,2e,f","1a,b,c,2d,e,3f,g,h","1a,b,c,d,2e,f,g","1a,b,c,2d,e,3f,g","1a,b,c,d,2e,f,g","1a,b,c,d,2e,f,g","1a,b,c2d,3e,f","1a,2b,c,d,3e,f");
insert into exampm value("H28AU","1,2,3a,b,c","1a,b,2c,d,e","1a,b,c,d,2e,3f,4g","a,b,c,d","1a,b,2c,d,3e","1a,2b,c,d,e,f","1a,b,c2d,e,f,3","1a,b,c,2d,e,3f","1a,b,c,d,2e,f","1a,b,c,d,2e,f,g","1a,b,c,d,e,2f,g","1a,b,c,2,3","1a,b,c,2d,e,f");
insert into exampm value("H28AP","a,b,c,d,e","1a,b,c,d,2","1a,b,2c,3d,4","1a,b,c,2d,e","1a,b,c,d,e,2,3","1a,b,2c,d,e","1a,b,c,d,e,2f,g","a1,b,c,d,2e,f,g","1,2,3a,b,c,d","1a,b,c,2d,e,f","1a,b,c,d,e,2f,g","1a,b,2c,3d,e,4f","1a,b,c,d,2e,f,g");
insert into exampm value("H27AU","1a,b,c,2,3,4,5","1,2,3a,b,4c","1a,2b,3c,4d,e","1a,2,3b,4c,d","1a,b,c,d,e,2","1a,b,c,2d,3","1a,b,c,d,2e,f","1a,b,2c,d,e,3f","1a,b,c,2d,e,f,g","1a,b,c,d,2e,f,g","a,b,c,d,e,f,g","1a,b,2c,d,3e,f","1a,b,2c,d,e,f,g");
insert into exampm value("H27AP","1,2a,b,3,4","1,2a,3b,c","1a,b,2,3c,4d","1a,b,c,2","1a,b,c,d,2e,f","1a,b,c,d,e,2f,g","1a,b,2c,d,e","1a,b,2c,d,3e,f","1a,b,c,d,e,2","1a,b,c,d,2e,f","1a,b,c,d,e,2","1a,b,c,2,3d,e","1a,2b,c,d,3e,f");
insert into exampm value("H26AU","1,2a,b,3c,4d","1a,2b,c,3d,e,f","1,2,3a,b,c","1,2a,3b,4","1a,b,c,d,2e,f","1,2a,b,c,d,3e,f,g","1,2a,b,c,d,e","1a,b,2c,d,e,f","1a,b,c,d,2e,f","1a,b,c,2d,e,f","1a,b,c,d,e,2f,g","1a,b,2c,d,3e,f","1a,b,c,d,e,2f,g");
insert into exampm value("H26AP","1,2,3a,b","1,2a,b,c,d","1a,2b,c,d,3","1,2a,b,c","1a,b,2c,d,e,f","1a,b,2c,d,e","1a,b,c,2d,e,f,3","1a,b,2c,d,e,3f,g,h","1a,b,c,d,2e,f","1a,b,c,d,2e,f,g","1a,b,c,d,e,f,2","1a,b,2,3c,d,e","1a,b,c,2d,e,f");
insert into exampm value("H25AU","1a,b,2,3,4c,d","1a,b,2c,3d,4e,f","1a,b,c,2d,e,f","1,2a,b,c,3d,e,f","1a,b,2c,d,e,f,3g,h","1a,b,c,2d,e,f","1a,b,2c,d,3e,f","1a,b,c,d,e,2f","1a,b,c,2d,3e,f,g","1a,b,c,d,2e,f,g","1a,b,c,d,e,2,3f","1a,b,c,2d,e,3f,g","1a,b,c,d,2e,f,g");
insert into exampm value("H25AP","1a,2b,c,3d,e,f","1a,b,2,3c,d","1a,b,2c,3,4d","1,2,3a,4,5","1a,b,c,d,2e,f,g,3","1a,b,2c,d,e","1,2a,b,c,3d,e","1a,b,c,d2e,f,g","1a,b,c,d,2e,f","1a,b,c,2,3d,e","1,2a,b,c,d,3e,f","1a,b,2c,d,3,4e,f","1a,b,c,2d,e,f,3g");
insert into exampm value("H24AU","1,2a,b,3","1a,b,c,2d,3e,f,g,4h","1a,b,2","1,2,3,4a,b,c","1a,b,c,d,e,2f,g","1a,b,c,d,e,2,3","1a,b,c,2,3,4d,e","a,b,c,d,e,f,g","1a,b,c,2d,e,f","1a,b,c,d,2e,f,g","1a,b,c,d,e,f,2","1a,b,c,2,3,4d,e","1a,b,2c,d,e,f,3g,h");
insert into exampm value("H24AP","1,2a,b,c,d","1a,b,2c,3d,e","1,2,3a,b,4","a,b,c,d,e","1a,b,2,3c,d,e","1a,b,c,2d,e,3f","1a,2b,c,d,3e,f,g,h","1a,b,2c,3d,e,f","1a,b,c,d,2e,f","1a,b,c,d,e,2f,g","1a,b,c,d,e,2","1a,b,c,2d,3e,f","1a,b,c,d,2e,3f,g,h");
insert into exampm value("H23AU","1a,b,2c,d,e,3f","1a,b,c,2,3,4","1a,b,2c,d,e","1a,b,c,d,2","1a,b,c,d,2e,f,g","1a,b,2c,d,e,3f,g,h","1a,b,c,d,2e,f,g,h","1a,b,2c,d,e,f,g","1a,b,c,2d,e,f,g","1a,b,c,2d,e,f,g","1a,b,c,d,e,2","1a,b,2c,d,e,f","1a,b,c,2d,e,f,g,h");
insert into exampm value("H23AP","1a,b,c,2","1a,b,2c,d","1a,b,2,3c,d,4","a,b,c,d,e","1a,b,2,3c,d","1a,b,2c,d,e,f,3g,h","1a,b,2c,d,e,f,g","a,b,c,d,e,f,g","1a,b,c,d,2e,f,g","1a,b,c,d,e,f,g,2h,i","1a,b,c,d,e,2f,g","1a,b,2,3c,d","1a,b,c,d,e,2f,g,h");
insert into exampm value("H22AU","1,2a,b,3c,d","1a,b,c,2,3,4","1,2,3a,b,c","a,b,c,d","1,2,3,4,5","1a,b,c,2d,e,f","1a,b,c,2d,e,3g,h","1a,b,c,2d,e,f,g","1a,b,c,d,2e,f","1a,b,c,d,2e,f,g,h","1a,b,c,d,e,2","1a,b,2c,d,3e,f","1a,b,c,2d,e,f,g,3h,i");
insert into exampm value("H22AP","1a,b,c,2d,e,f","1,2,3,4","1a,b,c,2,3,4","1a,b,2c,d,e","1a,b,2c,d,e,3","1a,b,c,d,2e,f,g,h","1a,b,2c,d,e,3f,g","1a,b,c,2,3","1a,b,c,d,2e,f,g","1a,b,2,3c,d,e,f","1a,b,c,d,e,2f,g","1a,b,c,d,e,2","1a,b,2c,d,e,f,g");

insert into examanswerpm value("H30AP",1,"H30年度春","31133","34040","2313","112m02n","62203","270541","31311110","13311","121501","140312","0501001","421344","143420");
insert into examanswerpm value("H29AU",1,"H29年度秋","31400","2233","1140","1372","511141","5433023","213121","323425","4524341","0120015","2230211","432114","521210");
insert into examanswerpm value("H29AP",1,"H29年度春","31204","13113","03000","3001","15212","302224","20253108","1461150","5631101","2130330","0303022","421304","102213");
insert into examanswerpm value("H28AU",1,"H28年度秋","12432","01222","3321133","3756","22301","212011","3228203","103133","305125","0501200","1203418","32120","241505");
insert into examanswerpm value("H28AP",1,"H28年度春","11054","02421","43123","24224","200j20k01","203110212130","0231258","213105","204022","204022","0001153","321410","1003025");
insert into examanswerpm value("H27AU",1,"H27年度秋","1j15k310m24n","14412","23310","32220","204614","21110","214124","350461","3704131","2302162","2034152","221614","4220404");
insert into examanswerpm value("H27AP",1,"H27年度春","11221","3043","13223","2311","275356","0322112","20020","021343","633315","411341","212012","342342","341323");
insert into examanswerpm value("H26AU",1,"H26年度秋","03201","003j015k","21652","m35n001","542130","44113301","120102","022251","121215","413103","2416101","035214","0305311");
insert into examanswerpm value("H26AP",1,"H26年度春","31j15k","46000","40211","2321","106351","23221","033202m04n","03122031","010522","0410223","1226653","155334","311248");
insert into examanswerpm value("H25AU",1,"H25年度秋","104342","111030","124272","3403345","26035414","100260","332110","031335","7013031","0713j045k","1332123","1501206","7101561");
insert into examanswerpm value("H25AP",1,"H25年度春","140149","42323","01310","22033","35404314","732023","m036n20431","2450102","133202","130112","2121201","3212051","4314531");
insert into examanswerpm value("H24AU",1,"H24年度秋","1042","j01k20j05k21","33m458n","132410","2342033","4561313","2124032","2032322","331631","2152302","3025506","1532043","46055042");
insert into examanswerpm value("H24AP",1,"H24年度春","42113","56112","13302","96235","353312","251201","05030212","201004","310204","2j367k214","332362","803342","42260506");
insert into examanswerpm value("H23AU",1,"H23年度秋","321624","331030","21305","26821","0546301","11452342","04219362","1201321","3646205","3502461","04640m14n","121141","33163232");
insert into examanswerpm value("H23AP",1,"H23年度春","0343","4224","j13k2131","32150","25422","22012111","1356302","0330101","4063401","040260344","2125003","51210","06280478");
insert into examanswerpm value("H22AU",1,"H22年度秋","13122","043430","31030","2311","45542","230001","33101521","3412420","023131","24611258","154112","210220","352314283");
insert into examanswerpm value("H22AP",1,"H22年度春","532172","4122","225110","22110","050024","j14k0211","1172033","22023","3113502","1014231","4212120","235105","4702507");

  insert into answerpm value("H30AP","5,4,4,4,4","4,5,5,6,6","4,4,4,4","4,4,4,m55n","10,10,6,4,5","4,8,4,6,6,6","5,5,5,5,3,4,3,4","6,4,4,4,6","4,5,5,6,6,6","4,6,6,4,4,4","4,6,7,7,4,6,4","5,6,6,6,6,5","8,8,6,8,6,6");
  insert into answerpm value("H29AU","5,5,5,4,4","4,4,4,5","4,4,6,4","5,10,10,5","6,4,6,5,6,6","6,6,6,4,3,5,6","4,4,5,4,4,4","4,4,4,6,4,6","5,6,6,5,4,6,5","3,4,4,4,4,6,6","4,4,4,4,4,5,5","5,6,6,5,5,6","6,6,6,6,5,6");
  insert into answerpm value("H29AP","4,5,3,3,7","5,5,5,4,5","3,6,4,4,4","4,3,6,6","7,7,4,4,3","6,6,4,4,6,6","4,4,4,6,6,10,10,10","4,5,8,8,5,6,6","8,8,8,4,3,6,4","4,4,5,5,4,4,4","6,6,6,6,5,6,6","5,5,3,6,8,8","6,4,4,4,4,4");
  insert into answerpm value("H28AU","4,4,6,6,6","5,5,4,4,4","4,4,4,4,4,4,4","8,8,8,8","5,8,6,6,6","4,4,4,3,4,4","4,3,3,10,10,2,4","4,6,6,6,6,4","4,5,6,3,8,8","6,6,4,4,4,4,4","6,6,6,6,6,9,9","5,6,6,4,5","6,6,4,6,4,6");
  insert into answerpm value("H28AP","4,4,4,6,6","5,5,5,4,4","5,5,4,4,4","5,5,5,6","3,3,4,4,4,6,4","3,3,4,4,4","5,5,4,4,4,4,4","6,6,4,4,10","4,4,4,7,7,7","4,6,6,4,4,4","4,4,4,4,4,6","8,3,6,6,5","4,4,4,4,6,6,6");
  insert into answerpm value("H27AU","5,6,6,5,6,4,m66n","5,6,6,7,6","4,4,4,4,5","4,4,6,5,5","8,8,8,8,6,7","4,4,4,4,3","5,4,5,4,5,5","6,6,10,10,10,3","8,8,4,6,6,4,4","4,4,4,4,3,7,7","6,6,6,6,6,6,6","4,4,8,6","5,4,4,4,6,7,6");
  insert into answerpm value("H27AP","7,8,4,4","4,4,6,6","5,4,4,4","4,4,4,3","8,8,8,8,9,9","4,4,4,3,3,2,4","4,5,4,4,3","6,6,6,6,5,5","10,10,5,5,5,6","5,5,4,4,5,5","4,4,4,4,4,5","5,5,6,5,5,5","6,6,2,6,8,7");
  insert into answerpm value("H26AU","4,6,4,3","4,5,5,6,6,6","6,6,7,7,7","m64n,5,5","7,7,5,5,4,8","6,6,4,4,4,6,6,6","4,4,4,4,4,4","6,6,5,8,8,8","4,4,3,4,6,6","6,6,4,6,6,6","6,6,6,8,8,5,6","6,6,6","2,4,4,6,6,6,5");
  insert into answerpm value("H26AP","6,4,6,6","6,9,9,2,9","6,4,4,4,4","4,4,4,4","4,5,8,8,8,8","4,4,5,5,4","4,6,5,5,4,6,m55n","4,4,4,4,4,4,6,6","5,4,5,6,6,5","5,5,4,4,4,4,4","7,8,5,7,8,8,6","6,6,6,6,5,5","5,6,5,8,10,10");
  insert into answerpm value("H25AU","4,4,5,4,5,5","5,6,4,4,6","6,9,7,7,8,7","5,5,5,5,4,6,6","7,7,7,7,7,7,6,6","5,3,4,4,7,5","m444n,4,4,4","4,4,5,4,4,6","8,8,3,6,4,4,4","8,8,8,5,7,7,7","4,4,4,6,6,5,4","4,6,6,7,7","8,4,7,6,8,8,8");
  insert into answerpm value("H25AP","3,8,10","5,6,5","5,4,4,4","4,4,4,4,5","6,6,6,6,6,6,6,6","8,8,3,5,5","8,4,6,6,4,4","5,5,6,6,4,4,6","8,8,4,3,6,6","4,5,5,4,4,4","4,4,4,4,4,4,4","6,5,8,8,6,6,6","6,6,6,8,8,8,7");
  insert into answerpm value("H24AU","4,6,4","5,5,4,4,6,7","4,4,m999n","4,4,4,6,5,5","5,5,5,3,3,5,5","9,9,9,9,6,4,4","8,8,8,5,9,4,6","4,4,4,4,4,4,4","6,4,6,9,5,6","4,5,6,6,5,5,5","4,6,6,6,6,6,7","6,6,6,6,6,6","8,8,8,8,8,8,10,6");
  insert into answerpm value("H24AP","8,5,6,7,5","7,7,6,7,4","4,4,7,4","10,10,4,10,7","7,7,6,7,7,8","4,6,4,6,4,3,4","6,8,4,4,4,3,3,3","5,6,4,4,6","4,5,6,6,5,6","4,8,8,8,4,5,5","4,4,4,7,7,5","9,5,6","8,6,6,8,8,8,8,8");
  insert into answerpm value("H23AU","5,10,10,5,7","4,4,4,4,4,4","4,8,4,4,8","10,10,10,5,5","6,6,6,7,5,4,5","5,6,6,6,4,5,5,4","6,6,6,6,10,10,10,10","4,4,4,4,4,4,4","4,10,10,9,9,6,8","6,6,6,4,8,8,m88n","6,8,8,5,m56n","6,6,5,8,5,5","8,8,8,8,8,8,8,10");
  insert into answerpm value("H23AP","6,6,6,5","5,5,6,6","5,5,5,5,4","5,5,4,6,6","5,8,6,10,10","4,4,5,3,3,4,4,4","4,4,7,7,7,4,4","4,4,4,4,6,6,4","5,5,8,8,5,2,2","8,8,8,8,8,8,8,6,6","5,6,6,6,6,6","6,4,4,4","8,8,10,10,4,8,9,10");
  insert into answerpm value("H22AU","5,5,5,5,5","5,5,5,6,4,4","4,4,4,4,3","4,5,5,4","6,6,6,7,6","4,4,4,4,4,4","4,4,4,3,6,6,5,5","4,6,6,4,6,6,4","4,6,6,6,6,6","7,7,7,5,4,9,9,9","5,6,5,5,5,4","4,4,6,6,4,4","10,8,6,6,6,6,6,9,8");
  insert into answerpm value("H22AP","6,6,6,10,10,10","5,5,4,4","4,8,8,4,4,4","5,5,4,5,5","10,10,3,6,3,5","5,5,5,5,3,5,3,5","4,10,8,8,8,8,4","4,4,8,6,4","8,5,6,5,6,5,5","4,4,4,5,8,8,8","5,5,5,5,5,4,4","6,6,6,6,6,6","10,10,8,8,8,6,8");
